{"cameraMode":{"drawMode":0,"name":"Shaded","section":"Shading Mode"},"sceneLighting":false,"audioPlay":false,"sceneViewState":{"m_AlwaysRefresh":false,"showFog":true,"showSkybox":false,"showFlares":true,"showImageEffects":true,"showParticleSystems":true,"showVisualEffectGraphs":true,"m_FxEnabled":true},"in2DMode":false,"pivot":{"x":-2.489565849304199,"y":0.061555568128824237,"z":-14.402807235717774},"rotation":{"x":-0.027697959914803506,"y":0.18929140269756318,"z":0.005239445250481367,"w":0.9816351532936096},"size":0.11167062819004059,"orthographic":false}