{"cameraMode":{"drawMode":0,"name":"Shaded","section":"Shading Mode"},"sceneLighting":false,"audioPlay":false,"sceneViewState":{"m_AlwaysRefresh":false,"showFog":true,"showSkybox":false,"showFlares":true,"showImageEffects":true,"showParticleSystems":true,"showVisualEffectGraphs":true,"m_FxEnabled":true},"in2DMode":false,"pivot":{"x":-1.0098426342010499,"y":0.18956820666790009,"z":8.305654525756836},"rotation":{"x":0.23485320806503297,"y":0.41526520252227785,"z":-0.11118216812610626,"w":0.8719954490661621},"size":0.2831293046474457,"orthographic":false}